<?xml version="1.0" encoding="UTF-8"?>
<beans xmlns="http://www.springframework.org/schema/beans"
       xmlns:xsi="http://www.w3.org/2001/XMLSchema-instance"
       xmlns:context="http://www.springframework.org/schema/context"
       xsi:schemaLocation="http://www.springframework.org/schema/beans
    http://www.springframework.org/schema/beans/spring-beans.xsd
    http://www.springframework.org/schema/context
    http://www.springframework.org/schema/context/spring-context.xsd">

<!--    <context:component-scan base-package="com.edyoda.*"/>-->

    <context:property-placeholder location="classpath:employee.properties"></context:property-placeholder>

    <bean id="Address" class="com.edyoda.users.Address">
        <property name="line1" value="${address.line1}"/>
        <property name="line2" value="${address.line2}"/>
        <property name="city" value="${address.city}"/>
        <property name="state" value="${address.state}"/>
        <property name="pinCode" value="${address.pincode}"/>
    </bean>


    <bean id="Project" class="com.edyoda.users.Project">
    </bean>
    <bean id="Team" class = "com.edyoda.users.Team">
        <constructor-arg ref="Project"/>
        <property name="teamName" value="${user.teamName}"/>
        <property name="numberOfTeamMembers" value="${user.numberOfTeamMembers}"/>
            </bean>
    <bean id="Employee" class="com.edyoda.users.User" scope="prototype">
            <constructor-arg ref="Address"/>
            <constructor-arg ref="Team"></constructor-arg>
    </bean>



    </beans>